Student_ID,Username,Password
101001,Abrar Hasan,Abrar@101001
101002,Nusrat Jahan,Nusrat@101002
101003,Fahim Rahman,Fahim@101003
101004,Sadia Islam,Sadia@101004
101005,Tanvir Ahmed,Tanvir@101005
201001,Mehedi Hasan,Mehedi@201001
201002,Sumaiya Akter,Sumaiya@201002
201003,Rakib Hossain,Rakib@201003
201004,Jannatul Ferdous,Jannatul@201004
201005,Shakil Ahmed,Shakil@201005
301001,Arif Hossain,Arif@301001
301002,Mim Akter,Mim@301002
301003,Saif Rahman,Saif@301003
301004,Tanjim Islam,Tanjim@301004
301005,Rafiul Karim,Rafiul@301005
401001,Nabila Sultana,Nabila@401001
401002,Mahin Chowdhury,Mahin@401002
401003,Tasnim Rahman,Tasnim@401003
401004,Samin Hossain,Samin@401004
401005,Priya Das,Priya@401005